<?xml version="1.0" encoding="UTF-8"?>
<blueprint xmlns="http://www.osgi.org/xmlns/blueprint/v1.0.0"
       xmlns:camel="http://camel.apache.org/schema/blueprint"
       xmlns:xsi="http://www.w3.org/2001/XMLSchema-instance"
       xsi:schemaLocation="http://www.osgi.org/xmlns/blueprint/v1.0.0 http://www.osgi.org/xmlns/blueprint/v1.0.0/blueprint.xsd
       http://camel.apache.org/schema/blueprint http://camel.apache.org/schema/blueprint/camel-blueprint.xsd">

  <camelContext trace="false" xmlns="http://camel.apache.org/schema/blueprint">
  <route>
    <from uri="file:src/data?noop=true"/>
    <choice id="choice1">
      <when id="when1">
        <xpath>/order/orderline/quantity/text() &gt; /order/orderline/maxAllowed/text()</xpath>
        <log message="quantity requested exceeds the maximum allowed - contact customer" id="log1"/>
        <setHeader headerName="Destination" id="setHead1">
          <constant>InvalidOrders</constant>
        </setHeader>
        <to uri="file:target/messages/invalidOrders" id="toInvalid"/>
      </when>
      <otherwise id="else2">
        <log message="valid order - process" id="log2"/>
        <setHeader headerName="Destination" id="setHead2">
          <constant>Dispatcher</constant>
        </setHeader>
        <to uri="file:target/messages/validOrders" id="toValid"/>
      </otherwise>
    </choice>
  </route>
</camelContext>

</blueprint>
