<?xml version="1.0" encoding="UTF-8"?>
<blueprint xmlns="http://www.osgi.org/xmlns/blueprint/v1.0.0"
       xmlns:camel="http://camel.apache.org/schema/blueprint"
       xmlns:xsi="http://www.w3.org/2001/XMLSchema-instance"
       xsi:schemaLocation="http://www.osgi.org/xmlns/blueprint/v1.0.0 http://www.osgi.org/xmlns/blueprint/v1.0.0/blueprint.xsd
       http://camel.apache.org/schema/blueprint http://camel.apache.org/schema/blueprint/camel-blueprint.xsd">

  <camelContext trace="false" id="blueprintContext" xmlns="http://camel.apache.org/schema/blueprint">
  <route shutdownRoute="Default" id="Route1">
    <from uri="file:src/data?noop=true"/>
    <choice id="choice1">
      <when id="when1">
        <xpath>/order/orderline/quantity/text() &gt; /order/orderline/maxAllowed/text()</xpath>
        <log message="quantity requested exceeds maximum allowed - contact customer" id="log1"/>
        <setHeader headerName="Destination" id="setHead1">
          <constant>InvalidOrders</constant>
        </setHeader>
        <to uri="file:target/messages/invalidOrders" id="toInvalid"/>
      </when>
      <otherwise id="else2">
        <log message="valid order - process" id="log2"/>
        <setHeader headerName="Destination" id="setHead2">
          <constant>Dispatcher</constant>
        </setHeader>
        <to uri="direct:OrderFulfillment" id="toFulfill"/>
      </otherwise>
    </choice>
  </route>
  <route id="Route2">
    <from uri="direct:OrderFulfillment"/>
    <choice id="choice2">
      <when id="when/usa">
        <xpath>/order/customer/country = 'USA'</xpath>
        <setHeader headerName="Destination" id="setHead_usa">
          <constant>USA</constant>
        </setHeader>
        <log message="Valid order - ship animals to USA customer" id="log_usa"/>
        <to uri="file:target/messages/USA" id="toUS"/>
      </when>
      <when id="when/gb">
        <xpath>/order/customer/country = 'Great Britain'</xpath>
        <setHeader headerName="Destination" id="setHead_uk">
          <constant>UK</constant>
        </setHeader>
        <log message="Valid order - ship animals to UK customer" id="log_uk"/>
        <to uri="file:target/messages/GreatBritain" id="toUK"/>
      </when>
      <when id="when/ger">
        <xpath>/order/customer/country = 'Germany'</xpath>
        <setHeader headerName="Destination" id="setHead_ger">
          <constant>Germany</constant>
        </setHeader>
        <log message="Valid order - ship animals to Germany customer" id="log_ger"/>
        <to uri="file:target/messages/Germany" id="toGR"/>
      </when>
      <otherwise id="else/fr">
        <setHeader headerName="Destination" id="setHead_fr">
          <constant>France</constant>
        </setHeader>
        <log message="Valid order - ship animals to France customer" id="log_fr"/>
        <to uri="file:target/messages/France" id="toFR"/>
      </otherwise>
    </choice>
  </route>
</camelContext>

</blueprint>
